0_x_norm,0_y_norm,0_z_norm,1_x_norm,1_y_norm,1_z_norm,2_x_norm,2_y_norm,2_z_norm,3_x_norm,3_y_norm,3_z_norm,4_x_norm,4_y_norm,4_z_norm,5_x_norm,5_y_norm,5_z_norm,6_x_norm,6_y_norm,6_z_norm,7_x_norm,7_y_norm,7_z_norm,8_x_norm,8_y_norm,8_z_norm,9_x_norm,9_y_norm,9_z_norm,10_x_norm,10_y_norm,10_z_norm,11_x_norm,11_y_norm,11_z_norm,12_x_norm,12_y_norm,12_z_norm,13_x_norm,13_y_norm,13_z_norm,14_x_norm,14_y_norm,14_z_norm,15_x_norm,15_y_norm,15_z_norm,16_x_norm,16_y_norm,16_z_norm,17_x_norm,17_y_norm,17_z_norm,18_x_norm,18_y_norm,18_z_norm,19_x_norm,19_y_norm,19_z_norm,20_x_norm,20_y_norm,20_z_norm
-0.2370878829064895,0.24923367804324012,1.227,-0.21255275798734266,0.2407901367726893,1.2251262681540103,-0.1933520732420996,0.23545460070217658,1.218378277540207,-0.17627198731071636,0.2360485178401959,1.211140045940876,-0.15930633306290345,0.24046553709296384,1.2033278011232615,-0.20011860483638982,0.1981367859286913,1.2108345460593701,-0.17839587204535573,0.20797591188487102,1.198649568527937,-0.16560340082023778,0.22441485455408394,1.1916899662911893,-0.15922751995738527,0.23935270817059132,1.1879778299927712,-0.21508724279672314,0.20320765162539495,1.205461215272546,-0.19139532589106628,0.20907771061246483,1.1936803739964963,-0.1770857209845513,0.2279830966376021,1.1898466069698335,-0.17289297469765325,0.24129625068500543,1.1879233252704144,-0.2259790857016728,0.21415958247081715,1.2001466937810183,-0.20820543229476032,0.21800313697627696,1.1888022367358209,-0.19435449089030085,0.23344902678539825,1.187775125771761,-0.18859331537486737,0.24334668345018678,1.1883916985690595,-0.23682101543878958,0.22899149799180044,1.195109466135502,-0.22171635720228275,0.23346983168495655,1.1878809798955918,-0.210113386354746,0.24142107171713378,1.1885378305315972,-0.20641036192973372,0.24753411865778668,1.1897223014831544
-0.23805401119869196,0.2482222555179862,1.232,-0.21346425766394683,0.24182272808731642,1.230380032950081,-0.19233490196326317,0.23465310165754127,1.2246574458368122,-0.1773139288577388,0.23543929555225077,1.2182990798428655,-0.16036467531629114,0.242063055744583,1.211322038590908,-0.1995658412527121,0.19957501181973433,1.2196236943528056,-0.17999966201760115,0.21382543269636062,1.2094255026131868,-0.16715958771062683,0.22850284331898463,1.2028883613348007,-0.1606940018798747,0.23958452559254886,1.1989190794229507,-0.21478485693441343,0.20281032880806324,1.214962703332305,-0.19138547430602035,0.21520158484958526,1.2059860575646162,-0.17897426346407508,0.23239300398040358,1.2025358054488897,-0.17465051016555092,0.241774743763243,1.19999910441041,-0.22588066839839285,0.21396093920313905,1.2101919457018375,-0.20642611049160972,0.2242288518031176,1.2011971596330404,-0.19636377849222914,0.23586248393297132,1.2000546559393406,-0.19237848080602035,0.24568522457885836,1.199812042683363,-0.23690377831864534,0.2290046997782236,1.2055302422195673,-0.2219924774051417,0.2358381755512949,1.1999309763014316,-0.2121969155905618,0.24381505465078362,1.2003236256241798,-0.20832959170002874,0.24983572234303916,1.2007844906002283
-0.23449563515153682,0.24661042268994735,1.224,-0.2079482835386615,0.24012543689402596,1.2217443136740476,-0.1890547622079957,0.23309160850283736,1.216507993709296,-0.1722392869790135,0.23398807458896106,1.2107896232753992,-0.15750577498938642,0.24271974272810914,1.204689411982894,-0.1946244535275888,0.19662811160094731,1.2138195611312985,-0.17531030171892972,0.21494219468058384,1.2045324394255876,-0.16650438712963433,0.22957859002283026,1.1981735067218542,-0.162022633662163,0.24256755778322844,1.1941820854097605,-0.20992006121975434,0.1999830960813164,1.209951748676598,-0.18875610973522886,0.21842206401718928,1.20187013836205,-0.18033617735688073,0.23357453997834143,1.198446326494217,-0.17797817628203533,0.24290494081155334,1.1958430526554584,-0.22308164557863835,0.21120370326651333,1.2058182326853275,-0.20383037942811633,0.22551852229460895,1.1975506735742092,-0.19772208261032723,0.23709961379983654,1.196334185615182,-0.19569766945816078,0.24490131770804685,1.1959838071614504,-0.23416905834487242,0.22629399536500036,1.201668598294258,-0.21939666234798177,0.23713926877208558,1.1965342728197574,-0.21157893539923323,0.24507416815878033,1.1968279281407594,-0.20967832567623604,0.24712264183321062,1.1972120987027883
-0.2390201394908945,0.2512649223630709,1.237,-0.21221471379100845,0.24270739045237974,1.2348811438195408,-0.19289838288765807,0.23736142861461165,1.2282453079596163,-0.1777578138035152,0.23803821085236257,1.221348950907588,-0.16071505969494088,0.24259194474843526,1.2139686833024026,-0.20173555989908853,0.1977294102562617,1.2206180694401265,-0.17800488134290934,0.21381801639729575,1.2093835550248624,-0.1671561317864726,0.23047722471919624,1.2028634923398496,-0.16265704671169842,0.24154483594235285,1.1988580043315888,-0.21488019739562067,0.20290035391766417,1.2155020109266044,-0.19130996388932578,0.21710013820552637,1.205510240316391,-0.18087196731108002,0.2322908080827779,1.202006984770298,-0.17847422049005734,0.2416089044396052,1.1991759951114656,-0.22991666467921001,0.21600496086082804,1.2104881632030011,-0.20822627703560517,0.22601536232771796,1.200188998401165,-0.20015205643693051,0.23764922647173423,1.1991073678135873,-0.1981201714162136,0.2434939616392453,1.1987428556084634,-0.23891891606990154,0.23300380683599656,1.20569645267725,-0.22569258376915163,0.23952578213343634,1.1986251178085805,-0.21980528618102027,0.24547037233516786,1.1987628045380117,-0.21788391986274372,0.2474991953646071,1.1990363526046277
-0.2370878829064895,0.24923367804324012,1.227,-0.21044975972535643,0.24270372102412094,1.2246108451373876,-0.19128433512165605,0.23737930078985908,1.2179681528806687,-0.17624108075706793,0.23799950421652102,1.2109276913553477,-0.15931207200160208,0.24047419975533246,1.2033711504638196,-0.20024856380904663,0.19826545788883143,1.2116208738163114,-0.17868384112247404,0.2102869852484575,1.20058444519341,-0.16592359765057263,0.22681327679812613,1.1939941179454328,-0.15951836280640833,0.23783172258565718,1.1901477743387223,-0.21336449710400882,0.20146915583925334,1.2069282252788545,-0.19185561411511212,0.2115492428962226,1.1965510659366847,-0.17946279918077068,0.22851874914007161,1.1926421840190888,-0.17515314175299945,0.24171980907032098,1.1900085416138173,-0.2263843845140914,0.21256550563716387,1.2022991851419211,-0.20873019740518045,0.21855259641634253,1.1917985175251962,-0.19673027210110766,0.2319933002485587,1.1903331522345544,-0.1927812667210576,0.24174238589621033,1.1901196893751622,-0.23736759582264824,0.2275491219840429,1.1978677660673858,-0.22225190891252733,0.23403377369278647,1.190750284165144,-0.21248238913029607,0.24189321916076845,1.190862255215645,-0.20670112666656976,0.24788281332697182,1.1913982313573361
-0.24348106008222492,0.24963260924252026,1.239,-0.21657158700207227,0.24100494280070975,1.2365709395948798,-0.19498872318737648,0.2354260312239265,1.2286913748234511,-0.17965603710024516,0.2378925689822912,1.2206016778349877,-0.16046826679308981,0.24221942228461762,1.2121045216321946,-0.20352117123191,0.1975145458266803,1.2192916739135982,-0.1795650320993849,0.21132402918482399,1.20650520542264,-0.1647435561119359,0.22789669907287044,1.1996974869966508,-0.1602920657365312,0.2409529460897547,1.1959202810525895,-0.21855621305503198,0.20260261844437993,1.2137183863073588,-0.19267700878581476,0.21443210048794084,1.201673880159855,-0.1783409663497542,0.23157068564278022,1.1982806547880174,-0.17409337143294099,0.24297157168671746,1.1961710824966432,-0.23149786491667276,0.21562386325732633,1.208352498650551,-0.20764625148622234,0.2253857843197479,1.1968458070755006,-0.19576551614934154,0.23711234915137885,1.196398444414139,-0.19388768203759818,0.24509917616919355,1.1969500555992127,-0.24040197858829335,0.23252076679072023,1.2031969241201879,-0.22318726596857533,0.23895355651085026,1.1957616097629071,-0.21350840724356993,0.2450300747405017,1.1966125964522363,-0.2097549788143162,0.24918351094691454,1.1976497694253923
-0.2350703793553396,0.24721486000046197,1.227,-0.21040756477011016,0.2386260929525898,1.224365311952308,-0.19309292689372706,0.23313707938031647,1.2167453067824245,-0.17593071180316244,0.23559151058134392,1.2087951899021865,-0.15888692053329934,0.23983245328985509,1.2001597490608693,-0.19970863284259183,0.19574273477022427,1.2083539758324624,-0.17796092294183838,0.2094362072271647,1.1957271267175675,-0.1651669794298514,0.22382344494315354,1.1885494571626187,-0.15875835817153158,0.2366986040637151,1.1844774689972402,-0.21465292664620386,0.19883857397539798,1.2030270807892085,-0.19100582456754,0.21061222400188814,1.1912511606216432,-0.1786839395601556,0.22752698913704508,1.1874661762714387,-0.17442633572816152,0.23876695127639377,1.1850705463886262,-0.22750025306534655,0.2117640419880988,1.1977659985870124,-0.20776425752682331,0.21754120146237121,1.1862832364141942,-0.1978040348115844,0.23096175697641025,1.185040412515402,-0.1919606029987809,0.2407132962464951,1.1850533877015115,-0.23830838963961068,0.22853339901102684,1.1927186418771745,-0.223174140918843,0.232952727242664,1.1852499824464322,-0.21542473916047342,0.24080467276358597,1.1855032425820828,-0.2116287396888932,0.24482438719340976,1.1860779580175878
-0.23910538645763943,0.24519604195768382,1.227,-0.21420659053352323,0.23636078256574913,1.2230673865862192,-0.19285555036447827,0.22885150577002963,1.21524951518327,-0.17571874327394219,0.2273617847412569,1.2073387839347125,-0.15677484875530354,0.22975590054883208,1.1990988925546409,-0.2035741445225671,0.18967752399643453,1.2077122070342303,-0.1816141047071844,0.19732889975067336,1.193893143951893,-0.16492375571922888,0.21373047146945573,1.1867992077469827,-0.15860217462789725,0.22673105802198246,1.1833122019171716,-0.2185326714456178,0.19283301070627074,1.2026064955145122,-0.19649297187145182,0.1984593117365721,1.188897347122431,-0.1802823350940216,0.21733125511905588,1.1851383690238,-0.17225422208633243,0.23066826689553516,1.1835345458686353,-0.2333451004117106,0.20579591986105977,1.1974403523355723,-0.2130740461843973,0.20920187104375154,1.183274013966322,-0.19743868291004213,0.2246966231977869,1.1828515958487988,-0.19188305609268166,0.23671802572817907,1.1845746580958367,-0.2441455824391022,0.2226040191487399,1.1924929079115392,-0.22656881290544995,0.2246534380713828,1.1826242600083352,-0.215080429707699,0.23652494956381664,1.1836084742546082,-0.20961551660926483,0.24475082039166085,1.1857215557694436
-0.2393753833907144,0.23344897302541,1.208,-0.21451569014666236,0.2244268681049773,1.2022579357884824,-0.19351641138846473,0.2151457683442511,1.1946580460220575,-0.17669020200739388,0.20794073862341292,1.187189097881317,-0.17356779237854872,0.2046077550748538,1.179237514168024,-0.20824930180146428,0.17305227790041522,1.1890527209192514,-0.1923759068753596,0.18077843637860597,1.1756832370460033,-0.18145075492957913,0.19490063219702627,1.1675785960555076,-0.17499135854243086,0.20369108160375832,1.162926673322916,-0.22700110044306177,0.1782936410128228,1.1848806770443916,-0.21296171063626476,0.1840607184702014,1.1719489576220512,-0.19862694537218534,0.20056078512654688,1.1669792937040329,-0.1923863828761827,0.21154883014544643,1.164050083041191,-0.24168256405417876,0.1912245864420292,1.180462659701705,-0.2293945642535949,0.19293653792078863,1.1673181684613227,-0.21753534205889097,0.2079735942585979,1.1654805200099945,-0.21182504462199403,0.21760139412473536,1.16569377425313,-0.25235775779969477,0.20597029821169696,1.1759393284022808,-0.2445665605720115,0.21006497305585628,1.1664454856812954,-0.23486641129124694,0.21763935206833435,1.1658971154987812,-0.23117214620639606,0.22352938549689005,1.1666026333272457
-0.24934873506404512,0.22027195369701813,1.18,-0.22221006722034817,0.20876467105932878,1.1699137010797858,-0.20153455489219266,0.19581702258169578,1.1616187880933284,-0.19080428903172333,0.18701521716587766,1.1544774904102086,-0.20105810834738067,0.18785357299544028,1.1479927602410316,-0.23003330224671892,0.15557859159015167,1.160855494737625,-0.20840402743653108,0.17634760977171027,1.146867584735155,-0.20664955156991918,0.1879606221164678,1.137212533801794,-0.20725304785671458,0.18495938085562577,1.130306050479412,-0.2467963309246163,0.16866443235051531,1.158903567418456,-0.2268954365240599,0.1854832448399011,1.1450203585624694,-0.22374072287824256,0.19567440873204653,1.1385475139319896,-0.2245623420973606,0.1928987924430333,1.1332464742660522,-0.2595272639448013,0.18539123756482595,1.1561957451701164,-0.24361165463345977,0.1984848969877436,1.1439489986002445,-0.2413826720515394,0.20383751062518105,1.1423019769787788,-0.24492059936429894,0.20177799681077357,1.141283579468727,-0.266298161848277,0.20188030783162889,1.1525884832441806,-0.25687826887300974,0.21362542556223968,1.1443944539129733,-0.258350861620733,0.21328769485642443,1.142585225701332,-0.2617896628026103,0.20739550360071107,1.1411963517963886
-0.24934873506404512,0.22027195369701813,1.18,-0.22221006722034817,0.20876467105932878,1.1699137010797858,-0.20153455489219266,0.19581702258169578,1.1616187880933284,-0.19080428903172333,0.18701521716587766,1.1544774904102086,-0.20105810834738067,0.18785357299544028,1.1479927602410316,-0.23003330224671892,0.15557859159015167,1.160855494737625,-0.20840402743653108,0.17634760977171027,1.146867584735155,-0.20664955156991918,0.1879606221164678,1.137212533801794,-0.20725304785671458,0.18495938085562577,1.130306050479412,-0.2467963309246163,0.16866443235051531,1.158903567418456,-0.2268954365240599,0.1854832448399011,1.1450203585624694,-0.22374072287824256,0.19567440873204653,1.1385475139319896,-0.2245623420973606,0.1928987924430333,1.1332464742660522,-0.2595272639448013,0.18539123756482595,1.1561957451701164,-0.24361165463345977,0.1984848969877436,1.1439489986002445,-0.2413826720515394,0.20383751062518105,1.1423019769787788,-0.24492059936429894,0.20177799681077357,1.141283579468727,-0.266298161848277,0.20188030783162889,1.1525884832441806,-0.25687826887300974,0.21362542556223968,1.1443944539129733,-0.258350861620733,0.21328769485642443,1.142585225701332,-0.2617896628026103,0.20739550360071107,1.1411963517963886
-0.3187685257423996,0.19379073222339271,1.086,-0.2902836978515121,0.19735432047072718,1.0666312508881093,-0.27234291256331566,0.2014813185512511,1.0515334986746312,-0.27113274667661263,0.20959001029413887,1.0402568139731885,-0.28183566757449996,0.21925216185330476,1.0293702565729619,-0.3037861191938767,0.18743520446294307,1.0407872617840768,-0.31222486154540796,0.19275511782336444,1.023570121139288,-0.30755628363751497,0.20924905769250104,1.0137294650673867,-0.3023998772558334,0.22457459368567856,1.0076557294130326,-0.3274407915640257,0.19512368125759855,1.0452803455889226,-0.3363863207669741,0.2025499133683319,1.0305622265338898,-0.328112855591045,0.22188599233487102,1.0258865811526776,-0.31674910980715126,0.2361506996397158,1.0218770772814751,-0.3426709465324123,0.2046068131879273,1.0498159759342671,-0.3495049585186661,0.21859666537710729,1.03428225299716,-0.3413358317015795,0.239759272182958,1.030157760590315,-0.3307146165484902,0.2546610133221878,1.0287326247096062,-0.35086786396959213,0.2157652300619843,1.0536967449486256,-0.3551803121671166,0.23028148554977482,1.040947091639042,-0.35061742922169553,0.24660686668252688,1.0375743628144265,-0.34161108430263476,0.2581970371539343,1.0361301683485509
-0.32946338496993993,0.21085760261461012,1.11,-0.2981062552451355,0.20968553662820266,1.075874370187521,-0.2872604650086783,0.2196124624495172,1.0555225504934789,-0.29400369351286365,0.23405751448607093,1.0425088188052178,-0.30420765956981044,0.24495394958737177,1.0306198751926423,-0.3235436650827045,0.20797176661781633,1.0493637254834176,-0.32830599321470355,0.2270833433733222,1.026490450501442,-0.3242886434687599,0.24599183113616863,1.0139296954870225,-0.32045518213879715,0.2592534854925739,1.0071214815974237,-0.34601535237356357,0.22230108990743422,1.0600619880855084,-0.35501291433815513,0.24215620185741846,1.0404564893245698,-0.35223959890568557,0.2640437830930691,1.0323285764455796,-0.34520865693184033,0.27777049308738344,1.0265633693337441,-0.35967101473319507,0.2348539074243615,1.0695707692205907,-0.36763721723757353,0.2552536805219043,1.052105207592249,-0.3648167997952506,0.2739087815657011,1.0440337291359902,-0.3596382257832756,0.2879713188022016,1.0389917051792146,-0.3658271608136926,0.24719579402765648,1.0773420377075673,-0.3715901710387886,0.26324726501144624,1.0634177817404271,-0.3709015543077497,0.2771730386973591,1.0564758075773717,-0.36583902555375525,0.286359305994551,1.0519089369475842
-0.34465204993226867,0.23448754103529962,1.136,-0.3121418185587793,0.23392862449376578,1.1068248656243085,-0.29987538575127304,0.24264122624798126,1.0887198672294616,-0.30541440543130743,0.2559043412741978,1.0766925812363624,-0.31652249939847155,0.2692494119991286,1.0664006695747374,-0.33984063930734015,0.2310721386915793,1.0848640427589415,-0.34235556535781847,0.2496074693229059,1.0649433732628821,-0.33896980062231946,0.26795718664176466,1.0544114933013915,-0.33366204731894455,0.2837407530823779,1.0486278087496756,-0.36227609625240165,0.24547337208998954,1.093355860620737,-0.3723147458184852,0.2627269563921345,1.0756140612661838,-0.3666905115291606,0.2841164739907156,1.06952672457695,-0.3566202101160534,0.3006368182631562,1.06570934510231,-0.37375135173069746,0.259794217925919,1.10067836946249,-0.3842198411269905,0.2755414036493543,1.0842553862035273,-0.3782984459671083,0.29688402732513547,1.077545110195875,-0.3699652142318833,0.3117900382062408,1.0739277043044566,-0.37938600603606104,0.27210533357360545,1.1065556910485028,-0.38568019542471105,0.2868734774382242,1.0934501067399978,-0.3818448486484216,0.3014567371510961,1.0876466818749904,-0.3753220260938585,0.3130179613242462,1.0843020678162574
-0.3552707310481397,0.24363874879618072,1.171,-0.3224773552720319,0.2473185612322025,1.1434736846983433,-0.31245732336033405,0.25874302520627074,1.1276678032279015,-0.32446474085372573,0.27122381959078445,1.1179309635460377,-0.34042039255343665,0.2839154036489695,1.1100203952789307,-0.3535835058350599,0.24100860511521027,1.1228413208425045,-0.35752570825590846,0.26662344045314307,1.1064728981852532,-0.35518595932825636,0.2865817507351557,1.0992318279147149,-0.3503065718136632,0.3017697893630982,1.0952780581116677,-0.3785859579696771,0.2540037775729715,1.1313508934378624,-0.38820169993582193,0.2781521886235668,1.1162090673148632,-0.38143051143216533,0.3028590495960214,1.1125189027786255,-0.3697190472812631,0.31687204353567155,1.1103090270459652,-0.3923399340219454,0.266936358021104,1.138876598238945,-0.4018102449777574,0.28735522800951496,1.1234690322577954,-0.3944215208013682,0.30993412112707897,1.118232823818922,-0.38255857508378344,0.3239493395417018,1.115809127599001,-0.39826508911018466,0.2778261974842935,1.145144659936428,-0.4031024004270988,0.2970627033314902,1.132287472397089,-0.39569907400269727,0.31239429355872844,1.1271090506613255,-0.38734917499952787,0.32274047805368655,1.124389521688223
-0.35648429460423925,0.2464042514277623,1.175,-0.32516195325522274,0.24981798730740593,1.146309592947364,-0.3129627672958199,0.2610199639602492,1.1294919654726983,-0.3228542133770987,0.27693717381825045,1.1187197521328927,-0.3367293480441803,0.2893594508995352,1.1098861575126648,-0.3565618680425953,0.24362959811546606,1.1264178186655045,-0.35979921842630824,0.2687832440965707,1.1078713938593865,-0.35314747238043626,0.29000919033396305,1.098513062298298,-0.3479486273553673,0.30488588655482635,1.0935274466872216,-0.3817356227848198,0.2548646637116022,1.1351853415369988,-0.39080226209344787,0.2786979051966307,1.1183989971876145,-0.3803430476207353,0.3016168500262241,1.1146929480135441,-0.36881594679963836,0.3140038269099527,1.1130932487547398,-0.395500386474397,0.26968835567255384,1.1425971753895283,-0.40286142369911054,0.28996029152737096,1.1264081478118897,-0.39216191623479596,0.3110586415746705,1.1222900591790677,-0.38250950471155537,0.323624189073821,1.1210423067212105,-0.4013409507818707,0.2824339849715793,1.148558645695448,-0.4042599322935777,0.29978407056484685,1.1355389013886452,-0.3972078048293534,0.31544693330599133,1.131406518816948,-0.38921008212528285,0.32429099137382056,1.1297913260757924
-0.36558602127498574,0.2526954238046414,1.205,-0.3318602949656432,0.2583869114477522,1.1767446863651276,-0.321598523361173,0.27204176281917475,1.1606586667895318,-0.3358824820751393,0.2886532049968842,1.1507510933279992,-0.3485729783448914,0.29980250833128547,1.1427305433154107,-0.36608810263259056,0.25013863038370887,1.1565122324228287,-0.36993978580670067,0.2763586207452556,1.139095598757267,-0.3634678023810379,0.29848437642910675,1.1306158471107484,-0.3582575603481985,0.3139189676704003,1.1259261983633042,-0.3919310794659434,0.26167163032232776,1.1655040550231934,-0.3999346221702816,0.286558998792107,1.1499451230466367,-0.39126956453243067,0.3121684405577428,1.1467159110307694,-0.3793607921475125,0.32486530052124996,1.1449177841842175,-0.4061303424554522,0.2769368324059337,1.17330702573061,-0.414047044811979,0.29801116403092565,1.1576833556592465,-0.4048516282220981,0.3196200009143342,1.1531791816651822,-0.3947090729252995,0.33423834103644007,1.1512485015392304,-0.41225144721593476,0.29011198289301665,1.1797823346406222,-0.4154429421380184,0.30807697308752025,1.1669512222707272,-0.40810483491743266,0.32410092922861544,1.162445614039898,-0.3996967914781108,0.33493751126699445,1.1602319385111333
-0.36558602127498574,0.25071280298838405,1.205,-0.3320019480864151,0.2565602448015562,1.1772469747066499,-0.3218369502912387,0.2722434493246995,1.1615191566944123,-0.3342965680534956,0.2870227552068017,1.151806151419878,-0.3489424471134451,0.3001202830024272,1.143941776752472,-0.36474775538001003,0.25052412484273795,1.1582945603132249,-0.3687619264881464,0.2787582593553751,1.141246819794178,-0.36409416999482314,0.2989987574702645,1.13256424844265,-0.3606459764590923,0.3143871791179586,1.1276055219769479,-0.39051110483736984,0.2620046880366107,1.1669875177741051,-0.40059671685889414,0.28892856904915987,1.1518488655984402,-0.39183704032554534,0.3126211924440352,1.148379044532776,-0.3798467865365068,0.32528148141421603,1.1463845241069794,-0.4045921755914566,0.2752724167766656,1.1744421626627446,-0.41275326176696575,0.298452056931177,1.159396091401577,-0.40547371414157696,0.32011112182948476,1.1549511308968068,-0.3952944516876248,0.3347340378415515,1.1529558765888215,-0.41057357140069545,0.29029722349929404,1.1805356423556805,-0.41581751321746485,0.30835474101340704,1.1680033671855927,-0.40847828735547276,0.32439751057692506,1.1635093557834626,-0.40006359544471537,0.33524488528229,1.1612966898083688
-0.3687343841231234,0.2522392386840987,1.222,-0.3348260347852588,0.26026002086268196,1.1942236897796392,-0.3245269328446815,0.274219128749856,1.1782191404402256,-0.33907978828294866,0.29112956688307007,1.168286555379629,-0.353880052190529,0.3024582518191246,1.1601287805736065,-0.3678890478182324,0.2540080022129028,1.174402215451002,-0.37382467625781673,0.28068183928115914,1.1569150508642196,-0.3709522461280327,0.3011916563821085,1.1480254353284836,-0.3674480819239992,0.31867848286287404,1.1429970459342003,-0.39393432991567146,0.26366004333327614,1.1830303193330765,-0.4058871113392261,0.2908240442320773,1.1670605101883411,-0.39875960320237674,0.3166184949119785,1.1630626888275146,-0.3865638382883856,0.33130906913283426,1.1608958811759948,-0.41012025089449616,0.27707480852057553,1.1904889502823353,-0.4163081740180799,0.3004863409865406,1.1748075754642486,-0.41071044567941956,0.32424538737823333,1.1698674344718456,-0.40229434414008336,0.33903557443909976,1.1677720629870891,-0.41616718820345644,0.29031454319690175,1.1966191520243883,-0.41947681299997663,0.31056405349699795,1.183749367415905,-0.413892246169757,0.3248176095658813,1.178930473446846,-0.40532976929931486,0.335786096491643,1.1765832350850105
-0.3450915928219504,0.23760235850667163,1.189,-0.31280668288428354,0.23679108697185852,1.1563772230744362,-0.29939905011558954,0.2434882086208588,1.1343936107456685,-0.304583075520099,0.2512697895427149,1.1191735162734986,-0.31731097678786396,0.25918655863736256,1.1058122932314873,-0.33932828809561316,0.21917173653260166,1.124547061264515,-0.34683223141618974,0.2291581482963482,1.10140194439888,-0.34320156114979355,0.24648447923499417,1.0898723720908166,-0.33749237461642845,0.26454387509192073,1.0830525949001313,-0.3624421292230924,0.2320494791481653,1.1332214220762253,-0.37356344870124153,0.2439252316828673,1.1108833595514298,-0.3693921049722681,0.2678139988860581,1.1038763567209244,-0.3568789398285542,0.28468186521014344,1.0988794534802437,-0.3762284837187359,0.2468110355934749,1.1411271474659443,-0.38824157184341856,0.2573568553628451,1.121626523077488,-0.3805610153825111,0.2779335688556969,1.1153317584991456,-0.3701292069330897,0.2934485294898599,1.1115407838821412,-0.38394210819656543,0.26137292500047454,1.1473569951355458,-0.38993354051623536,0.2708861191440571,1.1318913667798043,-0.3859046742808074,0.28418840987831495,1.1255686997771264,-0.37527660038577165,0.29422240072804995,1.1214613437056542
-0.3090420161700008,0.22421349557988693,1.122,-0.2858232000317006,0.20831587077170696,1.0966197741478683,-0.27227961123764016,0.2049082805256149,1.0786814824938775,-0.2687002101636581,0.2092203620451404,1.0645010830163957,-0.27223304043998836,0.21523539453023682,1.051109275341034,-0.3090944113306759,0.19044418119237932,1.077177988857031,-0.3047576054182525,0.19017726444986716,1.0560133294463159,-0.29441102132283536,0.2034641641091443,1.0439531640410424,-0.289036575433133,0.21404996177953067,1.0369879589676858,-0.32992510780462925,0.2054621229604923,1.0815970287919046,-0.32787598502020493,0.2107565537368138,1.0634149336516858,-0.31098051655399034,0.22566273164706813,1.0594673366546632,-0.30178188525656574,0.23051914146399816,1.0577553124427796,-0.3432837594218344,0.22028252048503874,1.0844708257615567,-0.34311062278107446,0.22381728207837717,1.0672920816838742,-0.3238357480546072,0.2378869937520585,1.0673878477215768,-0.31213592597401585,0.2383341328637844,1.0693941400647164,-0.34897600183469935,0.2330015707144534,1.0855371379554273,-0.3448947872525491,0.24086772189035688,1.0728419670164586,-0.3325171671224877,0.24967151642228874,1.0727470428943635,-0.32245090709808616,0.24830459156186674,1.0744696953594686
-0.3302130618799777,0.20767645760420586,1.1125257476493717,-0.3122830199669607,0.2091302513210098,1.1009068493992091,-0.2933901887008137,0.2126786532624332,1.0912317359149457,-0.27827720101381054,0.207186892537683,1.0813109600245954,-0.31394944203478786,0.19949301432400826,1.0878638946712018,-0.27334191454007156,0.21145714025154563,1.0758816809654237,-0.2625286882471949,0.20988370776170276,1.0678761475980283,-0.25766385580480544,0.20529161697334622,1.062297555178404,-0.31395890928717185,0.2066588197885344,1.08789669957757,-0.2708117506867175,0.22290781579404698,1.079900781184435,-0.2670698685578463,0.21919778708643708,1.0791305848658086,-0.26646660764059643,0.2116166054318834,1.0766930305659772,-0.3124282141581994,0.21399538412500813,1.0887961187660695,-0.2750711160952922,0.2306086213592278,1.0826878682971002,-0.2760401917580835,0.22427044373221394,1.0865021781325341,-0.2800191449872027,0.2156448233952384,1.0880796895623208,-0.3123984765990937,0.2229312993521173,1.0886924849152566,-0.2822138512977456,0.23418952081126418,1.0827717618346215,-0.2809343776519982,0.22925371462342378,1.0847056978642942,-0.2866218370427723,0.22058947784290606,1.085982004672289,,,
-0.2550182690279313,0.20195238657486678,1.153,-0.23420655961885659,0.18907374438635155,1.143947224199772,-0.2070501639632534,0.18832500400893556,1.139417142674327,-0.18591286038651786,0.1933989941823913,1.1361850714981556,-0.17273325812359597,0.20262593288674838,1.135512315735221,-0.1807328415096747,0.20322333274394916,1.1388601344749332,-0.19013699261338746,0.17344578792676246,1.1279957360327244,-0.21190807672417125,0.16749427580947632,1.1254173229187727,-0.22104553280453024,0.17110867884611353,1.1248325231224299,-0.19000903576550876,0.2143683112927277,1.1383407135233283,-0.21030416910820307,0.17325244649054067,1.1267383499741555,-0.23267279659197143,0.17149946629127363,1.1274014777243138,-0.23683678783461337,0.18112331976243926,1.129578800007701,-0.20653484246611026,0.22151717886603214,1.1365812784731388,-0.22870868746128714,0.18427730968699194,1.1261378424912691,-0.2446910257114812,0.18330019346343054,1.1315440023988486,-0.2495352205025944,0.19160962713403165,1.136659826219082,-0.22650733120651642,0.22654257415607362,1.1336550797075033,-0.24161556502947432,0.19905514210111397,1.1258827457875014,-0.25128958149021446,0.1956755928575443,1.1277578389942646,-0.2538955436521973,0.20183972010528362,1.1311063925474882
-0.2585942070342976,0.2170082491120107,1.205,-0.22983275596239994,0.20815142246105453,1.1996611071936787,-0.19939394353568266,0.21119820125941535,1.1945655270665885,-0.179116497664733,0.2182852784622157,1.1903407945483924,-0.16301358614101427,0.22355039017787484,1.1870994790643454,-0.1867615818726317,0.21611406512327608,1.1891703455895186,-0.18710214415579676,0.19292672373169947,1.1789953130483628,-0.19426130695875668,0.19620531415904105,1.1753944697976113,-0.1959358265635516,0.20560399583842565,1.1738480105251075,-0.200077737185859,0.2215729811984079,1.1869696228951216,-0.2002624356231887,0.1944687024319562,1.1765881776064635,-0.20799830955484058,0.2002738400925132,1.1765735819190741,-0.20814216096179458,0.21203548238177494,1.1773872989416123,-0.217154387376607,0.23081851801226844,1.1843054684996606,-0.21556642289443725,0.2039844422063878,1.175645109191537,-0.2221616577396793,0.21248309779188237,1.179872810766101,-0.22088494632187242,0.2228587194980243,1.1834265626221896,-0.2340407636513971,0.2379627414982284,1.1810790169239045,-0.2329945120241436,0.21948777480729467,1.1757991424947978,-0.23342114045292459,0.22182778965365138,1.1779521088302136,-0.23195148000565613,0.2300436151994456,1.1803295239061118
-0.258781822407781,0.2342656957447813,1.244,-0.22720299714805373,0.2211120244348045,1.2391080614700913,-0.19609510666323635,0.22253035802486704,1.2356630797088146,-0.17731418666602708,0.23002026221900101,1.2322218278944492,-0.17091283383628264,0.23970418711223657,1.2298968993648887,-0.1836886119994207,0.2324224007596047,1.2342117168530822,-0.17635593338166963,0.22071135920344107,1.2255625716000795,-0.18813829807447624,0.2183369162958698,1.2235564021915197,-0.1961621518271807,0.22032366070315848,1.2234097654521465,-0.1975446547849382,0.2401203249690371,1.2320320588126779,-0.2020929122901254,0.2081390421176104,1.222780260309577,-0.21635547748508663,0.20832064642123038,1.223847153648734,-0.22077443353521478,0.21676231995998663,1.2260369333028793,-0.21523817392499162,0.2455872118055673,1.2289574761465192,-0.223961163403034,0.21192814900970589,1.221427914738655,-0.23695627665216845,0.21479447379604497,1.2263188986629248,-0.23780523613026686,0.22568866441558758,1.2307125153541565,-0.23471514646224437,0.25087280915427124,1.2251457861214876,-0.240113005915263,0.22406547128122412,1.2218610114008188,-0.24683143172570635,0.22267873225088797,1.2252925085425377,-0.24751406336912202,0.23138090406628725,1.2286811508759856
-0.25366723326834856,0.2312855513818691,1.239,-0.22825037919925623,0.22015709856868404,1.2337566729970277,-0.19924790298050518,0.22354169097454193,1.2300409497097136,-0.17850921139838086,0.22895434575017007,1.2265116981565953,-0.16809472414031856,0.23656060873175763,1.2241014027372004,-0.1824439831121765,0.228830639425345,1.225849001608789,-0.17505816559330412,0.22309041743039304,1.216543903514743,-0.190806059086206,0.21679630052664983,1.2149228173643352,-0.198820982489054,0.21282446189342646,1.2150715756565333,-0.19622256693273005,0.23649976420465738,1.2237865579649807,-0.19862847160352906,0.21062113584090186,1.2138950675129891,-0.21897993687531314,0.20499624940549047,1.2160714715123178,-0.22551173840343863,0.2074876692202447,1.2189535591155292,-0.2138241769643226,0.23995632818879123,1.2208838983774186,-0.21838421372475614,0.21441553739538907,1.2127632144242526,-0.2354601998098446,0.20942840404912047,1.2185762579888106,-0.2404347840815433,0.21631351665049092,1.22349844121933,-0.2332202828809237,0.2452691816799335,1.217343026712537,-0.23641488273223787,0.2264681915423895,1.2131933345794679,-0.2431077754681395,0.21912237209363136,1.2167392689138652,-0.24781504392840303,0.22376372740340988,1.2202155589461328
-0.2532577623510469,0.23498275174258806,1.237,-0.22776428081242114,0.2217138481071117,1.2311291762515904,-0.20078055090527727,0.22299763097092426,1.2270472527369858,-0.1820456631172826,0.2283310459743983,1.2231726723611356,-0.1695605370791433,0.23580002592922222,1.2201657074391843,-0.18431902530705266,0.23268703183827236,1.2249148341715337,-0.17886648857163384,0.22285083082758364,1.2152374035567046,-0.19235044876961288,0.21828088910170954,1.2120666953623296,-0.19414805522794634,0.22005372894867456,1.210848395049572,-0.19609058023877024,0.2403650385464638,1.2229633930027486,-0.20246450453591244,0.21045910234954557,1.2129612027555705,-0.2185174468201312,0.20855651561179098,1.2135031039714814,-0.22081357547550912,0.21483902751865128,1.2151585317105056,-0.2136851776327387,0.2458226889784959,1.2200902460962535,-0.22216636017393634,0.21421686717952812,1.2116395088732244,-0.237037009217088,0.2150560175374223,1.216385856539011,-0.2378524876304201,0.22382883294337627,1.2205705887526275,-0.23105177873437807,0.24909512887067856,1.2164644247740508,-0.23809261898359574,0.226167007170815,1.2115798856019975,-0.24664046789223584,0.22270314807858316,1.214432068437338,-0.24726500622715678,0.22927667074012087,1.217507230386138
-0.24452750256965364,0.22832186030373905,1.234,-0.2232860033499907,0.22330972285057885,1.2287645422071218,-0.198225516389049,0.22642152082309663,1.2237293280810118,-0.1794111410791625,0.229546076022695,1.218937828965485,-0.16475663689450362,0.23467283302396721,1.2143329594433308,-0.18740164181955585,0.2214925566067322,1.2187655622288585,-0.17601714382618017,0.22177835728544865,1.209389052182436,-0.17339465610060042,0.22691825748292896,1.204983561128378,-0.1710375648244702,0.23433377538354824,1.2023418832719326,-0.1990353284545299,0.2290646821291735,1.2163815263807773,-0.19744376538110897,0.20936490017544318,1.2066548716425896,-0.20128697263368628,0.2171715240156142,1.2059066303223371,-0.20131061564418468,0.22711876067936368,1.2060482751727104,-0.2145482783917827,0.23653272491822144,1.2136244613826275,-0.21320488035653873,0.21917720830485635,1.206025329247117,-0.21988980312485717,0.22588607404364672,1.2100749228298664,-0.2204617574456524,0.23845052185106974,1.2132224429547787,-0.2318408946529918,0.24580961265159915,1.2101430155485868,-0.2328119889981137,0.2308618742207042,1.2048709828555584,-0.23522315667158578,0.2332707631890809,1.2070778392404318,-0.23566501810983964,0.24166803820061897,1.2093453079611063
-0.24241817502306717,0.22403175261024175,1.244,-0.2211072781634653,0.22112854399311044,1.2392006367966533,-0.19553663568468044,0.22595116360985118,1.2321439609453082,-0.1804219798902466,0.2308393852407297,1.2258055722862482,-0.16541359165072728,0.2356085733784532,1.2191750212162733,-0.195720171008152,0.21179373838967777,1.2206532517969608,-0.17997032615327863,0.2177697398238187,1.2092283936738968,-0.16920381157284106,0.23057242617610324,1.2033603499233723,-0.16477959516468987,0.23979252289562408,1.1999599310159683,-0.20726078583503219,0.21729278455231799,1.217705105483532,-0.19153011770019807,0.22132145625374516,1.2068975056111813,-0.18737327640587295,0.23498595749589876,1.2056881608963013,-0.1833485090421884,0.2448248125505471,1.2052947553396225,-0.2227996010570995,0.22682281276816163,1.2150930455476046,-0.2052805794492503,0.2310917935097049,1.2060709344744682,-0.20387092873877688,0.2416935337861095,1.2094728919267654,-0.20036133222926186,0.25223230747395886,1.2123031886816025,-0.23821722515738178,0.23625782287161148,1.2122139679789543,-0.22697657668623536,0.24287182556364378,1.2054442437887192,-0.2233707340152736,0.24922162263657383,1.2073808359503746,-0.22175074725411495,0.25560225337122067,1.2093728604316711
-0.24095239607529945,0.22662374672244823,1.247,-0.21747491459294852,0.223622718140485,1.241728719815612,-0.19572071166126495,0.2261638714789226,1.2333038873299957,-0.18041662554843022,0.23083253467311024,1.2257691943347455,-0.16721712965458693,0.23532556529523072,1.2177105737179519,-0.19563174472055797,0.21169805007137624,1.2201017611920835,-0.17968969775703494,0.21544369510523972,1.2073428393602372,-0.16883519605374514,0.2280945075787584,1.2007387937307359,-0.1624207217928207,0.23922424537158268,1.1971161798834802,-0.20715364206471631,0.2171804547254017,1.217075611025095,-0.19318724039442461,0.21896471012385335,1.2048560553491117,-0.18496973876939612,0.2344522363350017,1.2029496939182283,-0.18090906287841985,0.2461851628350361,1.2022535079419614,-0.22070900318782713,0.22472922513210616,1.2145830602645875,-0.20697928872239907,0.2287930578701371,1.2044161134660245,-0.2014921536263449,0.24321265208148626,1.207135865956545,-0.19396899367689055,0.2556780811972141,1.2097316370606424,-0.23617012436197,0.23420987088144024,1.2119373255670072,-0.22693598638807547,0.24084539565298882,1.205228673785925,-0.22138665908196456,0.25120948794155173,1.2073872150182725,-0.21581228306936848,0.25762441442230477,1.2095247195363046
-0.2390201394908945,0.22480639510478628,1.237,-0.21578547274120838,0.22188551741674378,1.2320824188999833,-0.196139751206682,0.22231118203795883,1.223270058900118,-0.1808908981888203,0.22688268033110098,1.2154137569367887,-0.16774419105616611,0.23327411720840618,1.207095194876194,-0.1957044685524244,0.205651406978047,1.208165841445327,-0.17803676810069538,0.2114936692007248,1.1962367336153985,-0.16749553094444372,0.22432470087173173,1.1912112313210965,-0.16128603878067493,0.23559711811187778,1.1887530389130117,-0.20909234656085243,0.20910915523033843,1.2051809097528459,-0.19137502110064536,0.21494689379827642,1.193553738564253,-0.18135162237627095,0.23235083785919095,1.1921676400005818,-0.17539746343341547,0.2440176709094268,1.191668488353491,-0.22257324154398872,0.2186401515467383,1.203070167720318,-0.20517827502453462,0.2248378165334765,1.1939359831511975,-0.19581845027320477,0.2411144646687642,1.1967219452261926,-0.1903003663024278,0.2514683131823678,1.199148416787386,-0.2359980253135651,0.22812914727976308,1.200921144604683,-0.22312230642328867,0.23691716011964845,1.1954135785698892,-0.2137311601038012,0.24725658893717783,1.1978610197901727,-0.208198116329396,0.2556013669715309,1.2000266837775708
-0.22583526432859133,0.23955865406727733,1.189,-0.21104701404272133,0.22469017739537328,1.1828176637515426,-0.20031923626489317,0.2080788215590917,1.1769218945279718,-0.1937214750902264,0.195660080097682,1.172128171414137,-0.19285782658691383,0.18710803664040385,1.1669025930911303,-0.18746594325546068,0.2124800056112368,1.1691738876849413,-0.19559965344479538,0.18415664155356137,1.1604032020419837,-0.21030306077221425,0.17224203091181065,1.1573181494474412,-0.22146597879408864,0.16633826033246574,1.155988928616047,-0.20068332066452968,0.221833550988535,1.1677797648459673,-0.2106722645140221,0.19161952977837832,1.1593499134629965,-0.22745626314992115,0.1779755410926066,1.1574547521173955,-0.23473823994622334,0.17011835089154953,1.1558267332017422,-0.21392007727092557,0.22738069354828103,1.1666663538068534,-0.2276818314759676,0.20102742162502063,1.1586025997400284,-0.241078813929041,0.1877314937725633,1.1588991905897856,-0.24872890674308862,0.1820316610419134,1.1590295701622964,-0.22709512113010608,0.2328798429594045,1.1653677809387446,-0.23917531070559048,0.21252130111962383,1.1589090030044318,-0.24882205477980587,0.201176816385207,1.1594636223614216,-0.25280991969058847,0.19749809403974758,1.1602665621191264
-0.3032934574541431,0.21345408309390845,1.242,-0.27681781346821444,0.20382978607593438,1.2332252621725202,-0.25301952442705095,0.19859966028704393,1.2259902743697166,-0.2357723737765758,0.1976603665636734,1.220191850706935,-0.22879693837539714,0.20083598505014347,1.2151119573116302,-0.24606840180270534,0.20591215298728155,1.2215047622174025,-0.23814364572887942,0.1923196181380502,1.211839544966817,-0.23507570968261765,0.1954134422979548,1.2063211960792541,-0.23446475123039268,0.19886483784815026,1.203185984313488,-0.26216846214747414,0.21598765990440186,1.2216553514897823,-0.2661874797682257,0.19043146059025753,1.2125126620829105,-0.25979759818224,0.19610779800044145,1.2106075747013092,-0.25762237367221297,0.20392900177223003,1.2097403829991817,-0.27823630784273173,0.22402624444006924,1.2216471018344164,-0.2844197628447503,0.19861329604081623,1.2137465490102768,-0.27705693469905,0.20706472727767133,1.2164688495993614,-0.27370455073296185,0.21558107550918326,1.2193556552827358,-0.2960944958030572,0.22988536949080438,1.2207395484745502,-0.29640279987206175,0.21459573832870546,1.2137824552208185,-0.29080478476339794,0.21888289556854382,1.2154095074236393,-0.28546949435152025,0.22740768671568976,1.2182262236326933
-0.3032934574541431,0.21345408309390845,1.242,-0.27681781346821444,0.20382978607593438,1.2332252621725202,-0.25301952442705095,0.19859966028704393,1.2259902743697166,-0.2357723737765758,0.1976603665636734,1.220191850706935,-0.22879693837539714,0.20083598505014347,1.2151119573116302,-0.24606840180270534,0.20591215298728155,1.2215047622174025,-0.23814364572887942,0.1923196181380502,1.211839544966817,-0.23507570968261765,0.1954134422979548,1.2063211960792541,-0.23446475123039268,0.19886483784815026,1.203185984313488,-0.26216846214747414,0.21598765990440186,1.2216553514897823,-0.2661874797682257,0.19043146059025753,1.2125126620829105,-0.25979759818224,0.19610779800044145,1.2106075747013092,-0.25762237367221297,0.20392900177223003,1.2097403829991817,-0.27823630784273173,0.22402624444006924,1.2216471018344164,-0.2844197628447503,0.19861329604081623,1.2137465490102768,-0.27705693469905,0.20706472727767133,1.2164688495993614,-0.27370455073296185,0.21558107550918326,1.2193556552827358,-0.2960944958030572,0.22988536949080438,1.2207395484745502,-0.29640279987206175,0.21459573832870546,1.2137824552208185,-0.29080478476339794,0.21888289556854382,1.2154095074236393,-0.28546949435152025,0.22740768671568976,1.2182262236326933
-0.3175083124104686,0.2044611038583475,1.058,-0.2891817983877983,0.20562229324595566,1.0375089811086655,-0.2679692965003006,0.20584602567372084,1.0216743180453778,-0.26650719036164244,0.21175448357081458,1.009769582927227,-0.2783023854673321,0.21431472054716366,0.998476480871439,-0.3006395371424609,0.19074371399263018,1.0128891447484494,-0.3070179897881863,0.1957108089279521,0.995765259295702,-0.30561810698303027,0.21000740306772064,0.9859669001698494,-0.30046221115425453,0.22318617002127122,0.9797273890972138,-0.3238730255004624,0.19837925381536856,1.0178630256950856,-0.33247104375967557,0.2021648716895447,1.0034036690294743,-0.32464694417276735,0.21949706488097082,0.9996326954960824,-0.3153486947970112,0.23186079805166215,0.9962209107279778,-0.33880462854426546,0.20769849830664525,1.0225185433328152,-0.34546931985803486,0.2162796291855207,1.0076308453381062,-0.3378051803588087,0.23545149495219414,1.0045472996234894,-0.3292892604141639,0.24847985819067916,1.0037631334662438,-0.3450794524020678,0.21857246714023737,1.0261791476905346,-0.35082349094548015,0.2308856438632511,1.0135260129272938,-0.346257776465165,0.24502158623464768,1.0099305378198624,-0.33741998489049846,0.256247066523464,1.008332172214985
-0.3283003354549577,0.21741914722898126,1.088,-0.29741131083648215,0.21247823099399787,1.054591902077198,-0.2828032697592571,0.21660596772774499,1.0329043050408364,-0.28358654995471,0.22507999977222554,1.0174346868991853,-0.29257322549578485,0.23164301097660214,1.0023712967634202,-0.31714916252808023,0.20555384650917186,1.0286241476535798,-0.319632069925618,0.21892062831823944,1.0045346175432206,-0.31645214300425745,0.23353565345880592,0.9894278799295426,-0.31360149503374846,0.24756462153426784,0.98051496642828,-0.3387134951502057,0.21760993730982212,1.0376918208897115,-0.34573699229108795,0.2336205167053041,1.0181775321364404,-0.34391290810119984,0.2528268744770719,1.0079250712990762,-0.33953035973541684,0.26726533185955925,0.999899320781231,-0.3533171386851639,0.2295824577019516,1.045563553005457,-0.35755930749914117,0.2477386394042821,1.0281019923388959,-0.3561571470771332,0.26405300448964864,1.0192515109777451,-0.35232269059464677,0.27744623056668477,1.0130449761748315,-0.35883823683623517,0.2395744588785786,1.051667578995228,-0.36274681969312544,0.2569823305844317,1.0381098543405534,-0.36050713719019745,0.26897554982560046,1.0317003247439862,-0.3554691323683129,0.2795640248998509,1.026947230577469
-0.35455229242608016,0.2464042514277623,1.175,-0.3233297001488488,0.2460858901920229,1.1464960176497698,-0.30912287970551816,0.2571987430794289,1.1290334567427636,-0.31502499650611293,0.2710096835961073,1.1170483373105526,-0.32650642330343516,0.2847494163344623,1.1061654716730118,-0.3474652925788315,0.24374466229741273,1.126949816197157,-0.34852797008561553,0.2666991140429702,1.1067869395017624,-0.3430048451450523,0.28546935539294255,1.0949650511145592,-0.3373184939038941,0.29982978891274775,1.0882367968559266,-0.37236609695932116,0.2548394494024306,1.135073035210371,-0.3777352306444163,0.27487611382150046,1.1178234696388245,-0.36985585286715394,0.2968868049983997,1.11071987003088,-0.3627398112624442,0.31010722395201223,1.1057295009493828,-0.3858760726597496,0.269527218965961,1.1419144824147225,-0.3914731431048056,0.2860522474261894,1.125615555047989,-0.38545824338987683,0.30643727656229774,1.1189005628228188,-0.3786651894026556,0.31825343225676794,1.1151493668556214,-0.39147428415385244,0.2802406772292064,1.1473158944398165,-0.3963465386613862,0.29571544405146033,1.134265623241663,-0.39442424100366646,0.3091387170270929,1.1287643864750863,-0.38959189063498584,0.31936341746590224,1.1255275823175908
-0.36012498527253783,0.2528267301858125,1.187,-0.3272349298496981,0.25478559539772294,1.160343586549163,-0.31301737367368215,0.26420113787556043,1.1432576189637185,-0.31914257981734684,0.27827582619816094,1.1316488916873932,-0.3310572796429189,0.2887182622560193,1.1215832392573357,-0.3512839642148791,0.2501725967529548,1.139335085719824,-0.3562222005049285,0.2716116446135212,1.1195295016169549,-0.3509555379416426,0.2890519822689831,1.108706810593605,-0.3454704001634104,0.3056666103214726,1.102835775434971,-0.37632537619638423,0.2613239468180336,1.147141994059086,-0.38373492618020977,0.28160860686193534,1.1300794790387154,-0.37650190657174637,0.30258784653256454,1.1251229989230633,-0.366340998322467,0.31476352798302754,1.1223321865200997,-0.3898948750690931,0.2742326691796264,1.15380723503232,-0.3973584926163518,0.2927284573471728,1.137161635875702,-0.38986671518021154,0.3118040023940695,1.1316973875164986,-0.3835459551340112,0.3223555269026886,1.129522969096899,-0.3974771432711074,0.2869882249973688,1.1593221361637116,-0.40070847665325743,0.3027434565561342,1.1467486294806004,-0.39725397874014345,0.3165873253830798,1.1422373811602593,-0.3927547344692387,0.3234927917920627,1.1400806727707387
-0.35587751282618946,0.253704721155787,1.173,-0.3231447586193697,0.25348626565694476,1.1458402327746153,-0.3090410695749688,0.2627020926173404,1.1287346552610398,-0.3151197724035004,0.2766066105397055,1.117384403526783,-0.3269524279979238,0.2869608730138872,1.1076764832735062,-0.34662295779840885,0.24685318511599977,1.1242178339064122,-0.3514953106034304,0.26618994290582343,1.1046739067435265,-0.34627437120460375,0.285196506636347,1.093918494462967,-0.34079295763242734,0.3015280849869061,1.0879041026830674,-0.37152826132025746,0.2579927842867172,1.1325190845429898,-0.3790056022832125,0.27630149775986,1.1161518651545048,-0.3737490296420334,0.29707801527685934,1.1114352304041386,-0.3654252589266559,0.31084502068977443,1.1083602156043053,-0.3851583161128071,0.2709012091159906,1.1397904414236546,-0.39084771021363046,0.2874442875929512,1.1238172273635865,-0.3873434643212495,0.30647324586561114,1.1190318982601166,-0.3810963471758651,0.3187532426570898,1.1169006857573986,-0.39284754484262,0.2855307902293732,1.1458189799934626,-0.39603695388804444,0.29921402548162,1.1333796526789666,-0.39274303645762115,0.3129923779977564,1.1292669210135937,-0.3883431314116954,0.31985917094904043,1.1272747586965561
-0.3473825679334927,0.24953258458870303,1.145,-0.3154799163985743,0.24747369024120772,1.1186614394932985,-0.3016299026695191,0.25821479156492677,1.101666275858879,-0.3074222389806235,0.2716434062900056,1.090089690387249,-0.318778023825054,0.28156325636982504,1.0799825605750084,-0.3381455689970841,0.2408158746032588,1.0967227374017239,-0.3427061075353336,0.26130591904387046,1.0770513382554054,-0.3374374895387995,0.2796722481233845,1.066001821756363,-0.33197707553791495,0.2937279354066563,1.0597614017128945,-0.3622548839269661,0.2533701183048155,1.1042513106763363,-0.3692851638051295,0.271004470583703,1.087525677382946,-0.3621339429832739,0.29104057124548516,1.082186360359192,-0.353839427196532,0.3042729112536276,1.0785987120866776,-0.3753563422130878,0.26583459205694127,1.110783677995205,-0.3807312378860095,0.281805437463766,1.0947290030121803,-0.37702192167121035,0.3000987654621591,1.0892130513489247,-0.3724665685161398,0.3136160199858479,1.0863737580180168,-0.3826781262864491,0.27813941880644627,1.1161578227579594,-0.38559990836994396,0.2931442618360898,1.1035108868777752,-0.3840253440562357,0.3064130233505249,1.0990047943592072,-0.3795807434703711,0.31476544851104016,1.0966054652631283
-0.35587751282618946,0.253704721155787,1.173,-0.3250846884526549,0.25164423335074143,1.1460372074991465,-0.3090156979928506,0.2626805253618147,1.1286419886648655,-0.314931826094808,0.27644163456560417,1.1167179639935494,-0.32652733654917804,0.28658777710513433,1.1062363232970238,-0.3483588908006006,0.24492433156469595,1.123854666531086,-0.3511694918607427,0.2659431980136518,1.1036499287486077,-0.34391039144809876,0.28472848938166767,1.092123336672783,-0.3382624410765858,0.3008683581503075,1.0855238284468651,-0.37118889538104555,0.2577571253270509,1.1314846049547196,-0.3765659090741744,0.275858697509008,1.1143631223142147,-0.3709698009572186,0.2963177957484234,1.1085910792946816,-0.36235359014879315,0.30977704250054944,1.1045521940588952,-0.384589920888351,0.27237399034149407,1.1381084020733834,-0.3901324621086076,0.28691826690349104,1.1217606510519982,-0.3863901468970041,0.3057189636528967,1.1162777725160122,-0.3798816466597364,0.3195690647237697,1.11334069404006,-0.39205624321194066,0.28495565368369824,1.1435109894275666,-0.3950786538920588,0.2984900102183905,1.1306371870934964,-0.39353962156013533,0.3121514227174821,1.1262327800989151,-0.3871653846891539,0.31888911879724713,1.1238560188114644
-0.34958868707108465,0.24779995714453562,1.191,-0.3206809269962986,0.24415115831268838,1.1642559304684401,-0.3042269754585416,0.2534219387246873,1.1455494541525841,-0.308038895555995,0.2652945182420389,1.1318717341721058,-0.31752776754881135,0.26973758225053857,1.1193964186906815,-0.34219460187314776,0.23911898166124093,1.1402595605552197,-0.3467827761110744,0.2493384280410472,1.1187698993682862,-0.34280102046504474,0.26467161298151387,1.1059241968989373,-0.3368055393935689,0.27909361062574267,1.0982333201766015,-0.36289941327246583,0.24984614899043897,1.1464388150572777,-0.37209945199622724,0.2608146456793113,1.1286035071909428,-0.3699694662961419,0.2796309148752918,1.1221431124806405,-0.3628748411835857,0.294979970067973,1.1173416603207589,-0.37586359194590907,0.2642126602969281,1.1515058617889882,-0.3855081270228977,0.27543811684500613,1.135301463663578,-0.381920831871967,0.2927984870480854,1.1302098262906075,-0.3771800059170529,0.30869641588303703,1.1271494034528733,-0.3827425028874305,0.2764461552784427,1.1551238488256932,-0.38992763131769176,0.28853475806862644,1.1427830312252045,-0.3885861905074709,0.3006586268090059,1.1388515945374966,-0.3840249928018766,0.3093701281770174,1.1364366229474545
-0.3162974616177749,0.23344405752624303,1.096,-0.28601084223108075,0.21917138870638445,1.070330835044384,-0.26854524040513295,0.21332230824672452,1.0502050696909428,-0.2628010627026481,0.21181232150135773,1.0343925832808019,-0.2622055165393837,0.2103082182942129,1.0188606820106507,-0.29720271811834886,0.20302603754403614,1.041705182850361,-0.29426865109608075,0.19537568686524118,1.0196681312322617,-0.2887946390319623,0.20443140272065366,1.0064343354701997,-0.28470319579210496,0.21418968532674498,0.9978939509987832,-0.3173774443820396,0.21420980528060657,1.046100775808096,-0.3201672507232772,0.21039155887099234,1.0274542412757874,-0.3114970324118559,0.22422926672132462,1.0211840710639954,-0.3014440246007705,0.2330290007559237,1.0155995554327966,-0.33401965441710285,0.22532052035604866,1.0497516906857491,-0.337069479864892,0.22165089381723385,1.0326551712155343,-0.32735339241583006,0.23436536795624333,1.0288010678291322,-0.31639562857844344,0.24221033496736305,1.0261801770925523,-0.3433092884828909,0.23786764952929432,1.0517716175913812,-0.3459760743971378,0.2366901268624654,1.0390061355233193,-0.33972436595802463,0.24272328016559147,1.0355721703767777,-0.3303784376206778,0.2472121442170408,1.0329702115654946
-0.3162974616177749,0.23344405752624303,1.096,-0.28601084223108075,0.21917138870638445,1.070330835044384,-0.26854524040513295,0.21332230824672452,1.0502050696909428,-0.2628010627026481,0.21181232150135773,1.0343925832808019,-0.2622055165393837,0.2103082182942129,1.0188606820106507,-0.29720271811834886,0.20302603754403614,1.041705182850361,-0.29426865109608075,0.19537568686524118,1.0196681312322617,-0.2887946390319623,0.20443140272065366,1.0064343354701997,-0.28470319579210496,0.21418968532674498,0.9978939509987832,-0.3173774443820396,0.21420980528060657,1.046100775808096,-0.3201672507232772,0.21039155887099234,1.0274542412757874,-0.3114970324118559,0.22422926672132462,1.0211840710639954,-0.3014440246007705,0.2330290007559237,1.0155995554327966,-0.33401965441710285,0.22532052035604866,1.0497516906857491,-0.337069479864892,0.22165089381723385,1.0326551712155343,-0.32735339241583006,0.23436536795624333,1.0288010678291322,-0.31639562857844344,0.24221033496736305,1.0261801770925523,-0.3433092884828909,0.23786764952929432,1.0517716175913812,-0.3459760743971378,0.2366901268624654,1.0390061355233193,-0.33972436595802463,0.24272328016559147,1.0355721703767777,-0.3303784376206778,0.2472121442170408,1.0329702115654946
-0.25758073268597403,0.19343384321377322,1.084,-0.23978993172036886,0.18317974406979692,1.076148774676025,-0.22027715266881168,0.1816801904067914,1.067339160680771,-0.20836031251002868,0.1874568694442886,1.06028135047853,-0.201891259982877,0.19671676301287094,1.053814507290721,-0.23648688007958535,0.1637322117442452,1.0535506766438485,-0.2168571923089288,0.17573054626409693,1.0424625065326691,-0.21087415462072298,0.18357455456093758,1.0383224535882474,-0.2106344735912326,0.18507234219075677,1.0371422890722752,-0.25208601285037163,0.17067161845703765,1.0535856105536223,-0.2309994983968902,0.18121321034645407,1.0444052603244782,-0.2261094901376136,0.1917455641280988,1.0456159424185754,-0.2246086674257237,0.19709839340843557,1.046633825838566,-0.2643552389677262,0.18290478868656715,1.0541545126736165,-0.24511057668100014,0.19181537682243804,1.045996641010046,-0.23923928503348357,0.20126865065449182,1.0504235822856427,-0.2366606643947649,0.2054855899808497,1.0543248869627715,-0.2748043122121883,0.19681551701755212,1.0543435339033604,-0.26119209409053534,0.20433379998291942,1.0484151739776135,-0.255012729545632,0.2100987327564642,1.0513674814403058,-0.25052562669137496,0.21242130616120958,1.054309367403388
-0.2665195266076819,0.25071280298838405,1.205,-0.2550468483528716,0.2413006945369668,1.197646258790046,-0.24532362158126833,0.23363085528735852,1.1887002586573363,-0.2375909328762939,0.2298667165413744,1.179421875551343,-0.22618052084207024,0.22621189474264483,1.170551171451807,-0.2419140198163739,0.19099753659173213,1.19115952860564,-0.21221412028295517,0.18702838305873312,1.178498547449708,-0.1974519310807332,0.2051738016625329,1.1713919173181058,-0.19305919188745807,0.21997642440201534,1.1681209708750249,-0.2531185031585662,0.1886300857312746,1.1885911560803653,-0.21584152885807917,0.18681364858764454,1.1771454679965974,-0.20170311935863763,0.20558052186316417,1.1737139913439751,-0.19581989295508673,0.22285434674423746,1.1731534543633462,-0.26211748320314726,0.1939252292857589,1.185097284540534,-0.22838611827761604,0.1879242141478797,1.171992698609829,-0.21501481511430517,0.21117996202857878,1.1726367789506913,-0.20792457097742661,0.23116545968000732,1.176156468614936,-0.26903306393382265,0.20495495808706643,1.1812385860085488,-0.24343102011020834,0.20689155787699107,1.1702065709233285,-0.23203472401436487,0.22243683909882966,1.1709556038677693,-0.22689989262432828,0.2365916996752085,1.1742741334438325
-0.26075960938053533,0.2608072257777501,1.234,-0.2375682812304636,0.24973868673344424,1.2294862035810947,-0.21629280610874016,0.23442991724556106,1.2234926436245441,-0.20516062789714537,0.22319681169511008,1.2171240866333246,-0.19219715515025826,0.21810693022747565,1.2111007392555475,-0.22240181675243764,0.19423342514188074,1.2238987775668502,-0.1981095460738669,0.20210272613150396,1.210723713800311,-0.18503836875652588,0.2206793536952679,1.2033960286676884,-0.1806279394766506,0.23592746339435328,1.200385267674923,-0.2377479526277744,0.19763482107534755,1.2200341539606452,-0.20741894403970346,0.2034627457319246,1.2069744754731655,-0.19290880923431591,0.226567234653243,1.203119556248188,-0.18892686488008179,0.24237077661992715,1.2029573906362057,-0.25082001278868926,0.20687133063589347,1.215332678347826,-0.22422367966312978,0.21041483307786493,1.20131436252594,-0.21035581794137628,0.2321117460580692,1.2010804142951965,-0.2049885655716987,0.24859710333650986,1.2043552853316069,-0.2617778409016968,0.22199306959377194,1.2105599090605974,-0.23986698430585415,0.22410231703430894,1.2005193110704422,-0.2282320164076965,0.2401239927981283,1.2016186591386795,-0.22490802470901158,0.25070881883522433,1.2049808509796858
-0.2597030469438233,0.2577283617061446,1.229,-0.22859273066986005,0.25078608273437,1.2247222547382117,-0.2051080453011407,0.23915605174012744,1.2168121381625534,-0.1877657664289617,0.23349027317783894,1.2082137108743192,-0.16866062494854717,0.22785866392051465,1.1994972617328168,-0.21449557067991623,0.19654820962397593,1.2133263123184443,-0.1900944223515054,0.20389558441389535,1.1978506927341224,-0.1769612064444184,0.22391017056222015,1.18900998839736,-0.17439441019725802,0.24067272281794824,1.1848536410331727,-0.23137129618147118,0.1996095751469904,1.2076918461322785,-0.20484344762860382,0.20093637296568032,1.1919876166582108,-0.19018643262462617,0.22532145335547757,1.18614083686471,-0.18597242927522048,0.24247720271448925,1.1841455602049828,-0.24598483982460004,0.20846640649326845,1.201476487979293,-0.2213576921414252,0.20967664052987914,1.1859593742489816,-0.20739955293368575,0.23079813046388878,1.1842008621394635,-0.2018248289287483,0.24476032462173827,1.185767600029707,-0.25652423160886473,0.22510491024199072,1.1953543067872525,-0.23670055808353427,0.2230931702139351,1.1846715451180936,-0.22504700422404347,0.23677302629181976,1.1848498896658421,-0.2215005922896087,0.24886304809728688,1.1867249847352506
-0.25566146281283186,0.25570625300641003,1.229,-0.2247874933282589,0.2490172511008027,1.2259345105346293,-0.2014316659811407,0.23954269046211407,1.2187793335840107,-0.1841946988522386,0.23400117844205887,1.210857430189848,-0.169086315362484,0.23634795975288586,1.2025247287899257,-0.21068048012702137,0.19870953964402618,1.2143347036987544,-0.18655164459102894,0.20630478373780362,1.2004012183248998,-0.17549650966051836,0.22649932705894413,1.1923414186537267,-0.17099862726015536,0.24137939880715453,1.1883326710164548,-0.22560174247824702,0.19778709613722403,1.2086975553035737,-0.20137023351278083,0.2033486266227419,1.1946374119222165,-0.18678365017251794,0.22592363694840148,1.1893108614683152,-0.18255060408661705,0.24310611298297122,1.1872168646156789,-0.24032050680755015,0.20869416678105032,1.2027891629338265,-0.21993160492777167,0.21017733829253432,1.1887913883626462,-0.20590489623045757,0.2313064241392874,1.1868088633716107,-0.20021842716147611,0.2451807244714123,1.1878042721152307,-0.25098864812862937,0.22345940938541983,1.1970752456188203,-0.235330747809717,0.2236425523535579,1.1875888795554639,-0.22556193901944888,0.23731479164555766,1.1875609696805478,-0.21997139215479436,0.24738517816864242,1.1890064493715764
